{"SRC": ["survey research center"], "NES": ["nation elect studi"], "CPS": ["current popul survey"], "MTF": ["monitor the futur"], "ANES": ["american nation elect studi"], "HIS": ["health interview survey"], "NHIS": ["nation health interview survey"], "UCR": ["uniform crime report"], "NLS": ["nation longitudin survey"], "MTFS": ["monitor the futur survey"], "NHANES": ["nation health and nutrit examin survey"], "MFI": ["monetari financi institut"], "MIR": ["mfi interest rate"], "SHS": ["secur hold statist"], "FDI": ["foreign direct invest"], "NLTCS": ["nation long term care survey"], "NLTC": ["nation long term care"], "NHANESI": ["nation health and nutrit examin survey I"], "NEFS": ["nhane epidemiolog followup survey"], "HANES": ["health and nutrit examin survey"], "NHDS": ["nation hospit discharg survey"], "ECA": ["epidemiolog catchment area"], "ACL": ["american chang live"], "LSOA": ["longitudin studi on age"], "SOA": ["studi on age"], "HES": ["health examin survey"], "NMES": ["nation medic expenditur survey"], "HHANES": ["hispan health and nutrit examin survey"], "EVS": ["european valu survey"], "WVS": ["world valu survey"], "DAWN": ["drug abus warn network"], "NHS": ["nation hospic studi"], "AHS": ["adolesc health survey"], "CHNS": ["china health nation survey"], "CTS": ["commun track survey"], "CPES": ["collabor psychiatr epidemiolog survey"], "NCS": ["nation comorbid survey"], "CLHLS": ["chines longitudin health longev survey"], "NEISS": ["nation electron injuri surveil system"], "AIP": ["all injuri program"], "CPSC": ["consum product safeti commiss"], "DATOS": ["drug abus treatment outcom studi"], "MID": ["militar interst disput"], "CHIP": ["china household incom project"], "MCOD": ["multipl caus of death"], "CMF": ["compress mortal file"], "NDI": ["nation death index"], "CPFOA": ["commun partnership for older adult"], "BJBC": ["better job better care"], "HOS": ["health outcom survey"], "MHOS": ["medicar health outcom survey"], "CES": ["consum expenditur survey"], "TED": ["treatment episod data"], "TEDS": ["treatment episod data set"], "ASAPS": ["adolesc substanc abus prevent studi"], "CAP": ["cooper agreement program"], "NCRP": ["nation correct report program"], "IHDS": ["india human develop survey"], "NVDRS": ["nation violent death report system"], "TUS": ["tobacco use supplement"], "CDS": ["child develop supplement"], "WHO": ["world health organ"], "NAMCS": ["nation ambulatori medic care survey"], "NHAMCS": ["nation hospit ambulatori medic care survey"], "MLS": ["matern lifestyl studi"], "CAS": ["colleg alcohol survey"], "FFCW": ["fragil famili child wellb"], "FFCWS": ["fragil famili child wellb studi"], "FFS": ["fragil famili survey"], "NPS": ["nation prison statist"], "FES": ["famili exchang studi"], "CHIPS": ["chines household incom project survey"], "NIBRS": ["nation incid base report system"], "LEOKA": ["law enforc offic kill and"], "NRC": ["nation research council"], "CVAR": ["commun vulner and respons"], "CWS": ["conting worker supplement"], "RWJF": ["robert wood johnson foundat"], "CCS": ["cancer control supplement"], "MCBS": ["medicar current beneficiari survey"], "NHES": ["nation health examin survey"], "NCI": ["nation cancer institut"], "NMFS": ["nation mortal followback survey"], "HELP": ["hospit elderli longitudin project"], "SBBS": ["small busi benefit survey"], "MHS": ["mental health supplement"], "SHR": ["supplementari homicid report"], "RLMS": ["russian longitudin monitor survey"], "CIC": ["commun in charg"], "ECLS": ["earli childhood longitudin studi"], "NORC": ["nation opinion research center"], "MEPS": ["medic expenditur panel survey"], "NNHS": ["nation nurs home survey"], "CAG": ["commun advisori group"], "AFL": ["activ for life"], "ACHS": ["alameda counti health studi"], "TCHS": ["tecumseh commun health studi"], "NHMS": ["nation health measur studi"], "GSS": ["gener social survey"], "ATUS": ["american time use survey"], "FSS": ["food secur supplement"], "IFLS": ["indonesian famili life survey"], "ACS": ["american commun survey"], "ASOC": ["and sens of control"], "NTIES": ["nation treatment improv evalu survey"], "LSOG": ["longitudin studi of gener"], "ETV": ["exposur to violenc"], "MTO": ["move to opportun"], "ADAM": ["arreste drug abus monitor"], "AHEAD": ["addict health evalu and diseas"], "CJDATS": ["crimin justic drug abus treatment studi"], "NDATSS": ["nation drug abus treatment system survey"], "ODATS": ["outpati drug abus treatment studi"], "EASS": ["east asian social survey"], "SCS": ["school crime supplement"], "HEGIS": ["higher educ gener inform survey"], "LHD": ["local health depart"], "HRMS": ["health reform monitor survey"], "NELS": ["nation educ longitudin studi"], "CMGPD": ["china multi gener panel dataset"], "SAQ": ["self administ questionnair"], "MACC": ["minnesota adolesc commun cohort"], "OPII": ["organiz process improv intervent"], "DATS": ["drug abus treatment studi"], "CID": ["citizenship involv democraci"], "FAS": ["flint adolesc studi"], "WLS": ["wisconsin longitudin studi"], "ICVS": ["intern crime victimis survey"], "BTG": ["bridg the gap"], "NYPD": ["new york polic depart"], "SCI": ["spinal cord injuri"], "PPCS": ["polic public contact survey"], "CZO": ["critic zone observatori"], "BCS": ["british crime survey"], "BRFSS": ["behavior risk factor surveil system"], "YPP": ["youth participatori polit"], "CNES": ["cross nation elect studi"], "SIPP": ["survey incom program particip"], "PSID": ["panel studi incom dynam"], "NCHS": ["nation center health statist"], "FBI": ["feder bureau investig"], "NLSOM": ["nation longitudin survey older men"], "ITS": ["intern trade servic"], "SITS": ["statist intern trade servic"], "PHF": ["panel household financ"], "RDSC": ["research data servic centr"], "EPESE": ["establish popul epidemiolog studi elderli"], "HEPESE": ["hispan establish popul epidemiolog studi elderli"], "HRS": ["health retir survey"], "NHEFS": ["nation health epidemiolog follow studi"], "NIA": ["nation institut age"], "CDC": ["center diseas control"], "NIMH": ["nation institut mental health"], "NSFH": ["nation survey famili household"], "ALSA": ["australian longitudin studi age"], "PHDCN": ["project human develop chicago neighborhood"], "CLHNS": ["cebu longitudin health nutrit survey"], "ACTIVE": ["advanc cognit train independ vital elderli"], "MDICP": ["malawi diffus ideat chang project"], "MLSFH": ["malawi longitudin studi famili health"], "NSDUH": ["nation survey drug use health"], "LAC": ["latin america caribbean"], "CILS": ["children immigr longitudin survey"], "CNLSY": ["children nation longitudin survey youth"], "NLSY": ["nation longitudin survey youth"], "NPHS": ["nation pregnanc health survey"], "SALSA": ["sacramento area latino studi age"], "NSFG": ["nation survey famili growth"], "NSAS": ["nation survey ambulatori surgeri"], "MCD": ["multipl caus death"], "SECCYD": ["studi earli child care youth develop"], "SATSA": ["swedish adopt twin studi age"], "CLOC": ["chang live older coupl"], "LSADT": ["longitudin studi age danish twin"], "NIDA": ["nation institut drug abus"], "SATHCAP": ["sexual acquisit transmiss hiv cooper agreement program"], "SATH": ["sexual acquisit transmiss hiv"], "CSDD": ["cambridg studi delinqu develop"], "BJS": ["bureau justic statist"], "SISFCF": ["survey inmat state feder correct facil"], "SISCF": ["survey inmat state correct facil"], "SIFCF": ["survey inmat feder correct facil"], "NSFEC": ["nation survey famili econom condit"], "SYRP": ["survey youth residenti placement"], "SEBAS": ["social environ biomark age studi"], "WFHS": ["work famili health studi"], "DCRP": ["death custodi report program"], "RDSL": ["relationship dynam social life"], "LEMAS": ["law enforc manag administr statist"], "NAS": ["nation academi scienc"], "NSFB": ["nation survey fertil barrier"], "RISE": ["rehabilit impair studi elderli"], "NHSDA": ["nation household survey drug abus"], "NSSCA": ["nation survey self care age"], "SUPPORT": ["studi understand prognos prefer outcom risk treatment"], "QES": ["qualiti employ survey"], "NHSLS": ["nation health social life survey"], "NMIHS": ["nation matern infant health survey"], "NSPO": ["nation survey physician organ"], "NSAF": ["nation survey america famili"], "GIBS": ["gambl impact behavior studi"], "HBSC": ["health behavior school children"], "SSATS": ["survey substanc abus treatment servic"], "NSDE": ["nation studi daili experi"], "USC": ["univers southern california"], "IHDP": ["infant health develop program"], "CPHHD": ["center popul health health dispar"], "RPD": ["research pathway desist"], "SPPA": ["survey public particip art"], "IIMMLA": ["immigr intergener mobil metropolitan lo angel"], "RELATE": ["research earli life age trend effect"], "NSAL": ["nation survey american life"], "FHWAR": ["fish hunt wildlif associ recreat"], "PATH": ["popul assess tobacco health"], "STIC": ["servic treatment implement correct"], "NSA": ["nation survey adolesc"], "CSLLEA": ["censu state local law enforc agenc"], "PRMIHS": ["puerto rican matern infant health studi"], "HAALSI": ["health age africa longitudin studi indepth"], "WTORS": ["wheelchair tiedown occup restraint system"], "SQF": ["stop question frisk"], "SWAN": ["studi women across nation"], "SII": ["studi instruct improv"], "NSHAP": ["nation social life health and age project"]}